0,0,1518325627,Genesis Block,0,02d779570304667b4c28ba1dbfd4428844a7cab89023205c66858a40937557f8
,,,,,
1,02d779570304667b4c28ba1dbfd4428844a7cab89023205c66858a40937557f8,1518329660,blockchain.pyblockchain.pyblockchain.pyblockchain.py,54871,0000cf2dc1ca09564061dc9c61220a0430fe76fe3f06badd34861326467bd2e4
,,,,,
2,0000cf2dc1ca09564061dc9c61220a0430fe76fe3f06badd34861326467bd2e4,1518330528,blockchain.pyblockchain.pyblockchain.pyblockchain.py,49010,00009a4dd510fd87d8d0529c4bb9b3070e629c5c5f06f3181b388291768c2c8a
,,,,,
3,00009a4dd510fd87d8d0529c4bb9b3070e629c5c5f06f3181b388291768c2c8a,1518342368,blockchain.pyblockchain.pyblockchain.pyblockchain.py,401143,0000ca7998db8cacafb285012942f03bc416cd3a58619c0cb2cda7d9a86f9d36
,,,,,
4,0000ca7998db8cacafb285012942f03bc416cd3a58619c0cb2cda7d9a86f9d36,1518343626,blockchain.pyblockchain.pyblockchain.pyblockchain.py,121217,000095e1e5ecffd1e572ba20337acdf8c38a238bf6dc8ac3a3eb6a3fa94b6c93
,,,,,
5,000095e1e5ecffd1e572ba20337acdf8c38a238bf6dc8ac3a3eb6a3fa94b6c93,1518343751,blockchain.pyblockchain.pyblockchain.pyblockchain.py,201581,00003ba49087293271de507046e68ebe279719ec46891eafb16f73a037332922
